{
          "Abs": [
                    8.313887325410785e-06,
                    4.242327312331621e-05,
                    0.0025114818688713697,
                    0.03492764219553295
          ],
          "Capt": [
                    8.313887325410785e-06,
                    4.242327312331621e-05,
                    0.0025114818688713697,
                    0.03492764219553295
          ],
          "Chid": [
                    [
                              0.0,
                              0.0,
                              0.0,
                              0.0
                    ],
                    [
                              0.0,
                              0.0,
                              0.0,
                              0.0
                    ],
                    [
                              0.0,
                              0.0,
                              0.0,
                              0.0
                    ],
                    [
                              0.0,
                              0.0,
                              0.0,
                              0.0
                    ],
                    [
                              0.0,
                              0.0,
                              0.0,
                              0.0
                    ],
                    [
                              0.0,
                              0.0,
                              0.0,
                              0.0
                    ]
          ],
          "Chip": [
                    0.0,
                    0.0,
                    0.0,
                    0.0
          ],
          "Chit": [
                    0.0,
                    0.0,
                    0.0,
                    0.0
          ],
          "DiffLength": [
                    14414.479009640281,
                    3910.0534059894844,
                    212.08625776805832,
                    16.40645529861954
          ],
          "Diffcoef": [
                    1727.4362721511277,
                    890.8474839976875,
                    113.4312827768311,
                    9.412073306861958
          ],
          "Fiss": [
                    0.0,
                    0.0,
                    0.0,
                    0.0
          ],
          "Flx": [
                    0.3543389,
                    0.5339152,
                    0.35281737999999996,
                    0.07394398320000001
          ],
          "Invv": [
                    5.285314329812504e-10,
                    2.6212254333478425e-09,
                    1.4872267268526287e-07,
                    2.0645949999047386e-06
          ],
          "Kappa": [
                    0.0,
                    0.0,
                    0.0,
                    0.0
          ],
          "L": 8,
          "MeanFreePath": [
                    4572.053839951694,
                    2431.7043487463293,
                    338.35618448429585,
                    28.23234245821602
          ],
          "NPF": 6,
          "Nsf": [
                    0.0,
                    0.0,
                    0.0,
                    0.0
          ],
          "Nubar": [
                    0.0,
                    0.0,
                    0.0,
                    0.0
          ],
          "Remxs": [
                    8.313887325410793e-06,
                    5.826905558204863e-05,
                    0.002521783421327439,
                    0.034966791338287145
          ],
          "S0": [
                    [
                              0.00021040619669060893,
                              0.0,
                              0.0,
                              0.0
                    ],
                    [
                              1.5845782458732394e-05,
                              0.000352965147504997,
                              0.0,
                              0.0
                    ],
                    [
                              0.0,
                              1.0024191415683662e-05,
                              0.0004336819901416782,
                              2.773610403858223e-07
                    ],
                    [
                              0.0,
                              0.0,
                              3.914914275419233e-05,
                              0.00045357810077034536
                    ]
          ],
          "S1": [
                    [
                              2.5755898472872155e-05,
                              0.0,
                              0.0,
                              0.0
                    ],
                    [
                              -2.7054640130387746e-06,
                              3.9764132767881495e-05,
                              0.0,
                              0.0
                    ],
                    [
                              0.0,
                              -2.758111260675424e-06,
                              1.9498714036741875e-05,
                              8.808368002562688e-08
                    ],
                    [
                              0.0,
                              0.0,
                              -1.7533526557477907e-05,
                              2.239753278821492e-05
                    ]
          ],
          "S2": [
                    [
                              3.086218317449199e-05,
                              0.0,
                              0.0,
                              0.0
                    ],
                    [
                              -5.395784618759683e-07,
                              2.0569767442829872e-06,
                              0.0,
                              0.0
                    ],
                    [
                              0.0,
                              -7.604064074734641e-07,
                              7.635396152995462e-07,
                              1.2839913993352598e-07
                    ],
                    [
                              0.0,
                              0.0,
                              6.941238641426068e-06,
                              -1.2269287008171937e-06
                    ]
          ],
          "S3": [
                    [
                              8.670470384543159e-06,
                              0.0,
                              0.0,
                              0.0
                    ],
                    [
                              -1.1580872001006151e-06,
                              3.2822367285628894e-07,
                              0.0,
                              0.0
                    ],
                    [
                              0.0,
                              4.7221512045976875e-07,
                              1.7886167335134853e-06,
                              -5.5024646830323394e-08
                    ],
                    [
                              0.0,
                              0.0,
                              -5.134959701003907e-06,
                              -3.60996453662989e-06
                    ]
          ],