{
          "Abs": [
                    6.489015777299706e-06,
                    5.082131292661081e-05,
                    0.002923657213089145,
                    0.3191152014042098
          ],
          "Capt": [
                    6.489015777299706e-06,
                    5.082131292661081e-05,
                    0.002923657213089145,
                    0.3191152014042098
          ],
          "Chid": [
                    [
                              0.0,
                              0.0,
                              0.0,
                              0.0
                    ],
                    [
                              0.0,
                              0.0,
                              0.0,
                              0.0
                    ],
                    [
                              0.0,
                              0.0,
                              0.0,
                              0.0
                    ],
                    [
                              0.0,
                              0.0,
                              0.0,
                              0.0
                    ],
                    [
                              0.0,
                              0.0,
                              0.0,
                              0.0
                    ],
                    [
                              0.0,
                              0.0,
                              0.0,
                              0.0
                    ]
          ],
          "Chip": [
                    0.0,
                    0.0,
                    0.0,
                    0.0
          ],
          "Chit": [
                    0.0,
                    0.0,
                    0.0,
                    0.0
          ],
          "DiffLength": [
                    12569.379323365749,
                    1505.3599894920665,
                    158.12335019236866,
                    1.7997608652442734
          ],
          "Diffcoef": [
                    1025.1950381174222,
                    381.18505770085,
                    73.20004577316917,
                    1.0337053320821337
          ],
          "Fiss": [
                    0.0,
                    0.0,
                    0.0,
                    0.0
          ],
          "Flx": [
                    0.33735024999999996,
                    0.5196188,
                    0.3464622299999999,
                    0.043334660989999996
          ],
          "Invv": [
                    5.287691406266929e-10,
                    2.6341255319861405e-09,
                    1.5014292544145434e-07,
                    1.53892897522702e-06
          ],
          "Kappa": [
                    0.0,
                    0.0,
                    0.0,
                    0.0
          ],
          "L": 8,
          "MeanFreePath": [
                    1735.00312673089,
                    996.2521096983702,
                    218.87997924637517,
                    3.101410620876083
          ],
          "NPF": 6,
          "Nsf": [
                    0.0,
                    0.0,
                    0.0,
                    0.0
          ],
          "Nubar": [
                    0.0,
                    0.0,
                    0.0,
                    0.0
          ],
          "Remxs": [
                    6.489015777299753e-06,
                    0.0001682112857355003,
                    0.0029276512299297747,
                    0.31912964438116126
          ],
          "S0": [
                    [
                              0.0005698788216018812,
                              0.0,
                              0.0,
                              0.0
                    ],
                    [
                              0.00011738997280888951,
                              0.0008355507040913163,
                              0.0,
                              0.0
                    ],
                    [
                              0.0,
                              3.5615015787839283e-06,
                              0.0016410626535560346,
                              4.3251526184542546e-07
                    ],
                    [
                              0.0,
                              0.0,
                              1.4442976951508398e-05,
                              0.003304280771749019
                    ]
          ],
          "S1": [
                    [
                              0.00025122645360362413,
                              0.0,
                              0.0,
                              0.0
                    ],
                    [
                              -1.5755235328204058e-06,
                              0.00013087161654861938,
                              0.0,
                              0.0
                    ],
                    [
                              0.0,
                              -1.7129923866798704e-06,
                              1.6764758218550893e-05,
                              -6.909675349604488e-08
                    ],
                    [
                              0.0,
                              0.0,
                              -3.2298894428018927e-06,
                              -2.740326839782323e-05
                    ]
          ],
          "S2": [
                    [
                              0.00016902590548951958,
                              0.0,
                              0.0,
                              0.0
                    ],
                    [
                              -1.4692978895106754e-06,
                              3.8767682541563114e-05,
                              0.0,
                              0.0
                    ],
                    [
                              0.0,
                              1.975059127954583e-07,
                              -1.4110644571181112e-06,
                              -5.4994032860667094e-08
                    ],
                    [
                              0.0,
                              0.0,
                              -1.419916596836864e-06,
                              -2.192151466128108e-05
                    ]
          ],
          "S3": [
                    [
                              9.892756722677989e-05,
                              0.0,
                              0.0,
                              0.0
                    ],
                    [
                              -2.1554058435374795e-06,
                              5.566748379639171e-06,
                              0.0,
                              0.0
                    ],
                    [
                              0.0,
                              1.0311371020587154e-07,
                              3.404140085933177e-06,
                              -4.002179586963925e-08
                    ],
                    [
                              0.0,
                              0.0,
                              -1.1149531357508378e-06,
                              3.190483223387795e-05
                    ]
          ],