{
          "Abs": [
                    0.0007345997645007524,
                    0.03492764219553295
          ],
          "Capt": [
                    0.0007345997645007524,
                    0.03492764219553295
          ],
          "Chid": [
                    [
                              0.0,
                              0.0
                    ],
                    [
                              0.0,
                              0.0
                    ],
                    [
                              0.0,
                              0.0
                    ],
                    [
                              0.0,
                              0.0
                    ],
                    [
                              0.0,
                              0.0
                    ],
                    [
                              0.0,
                              0.0
                    ]
          ],
          "Chip": [
                    0.0,
                    0.0
          ],
          "Chit": [
                    0.0,
                    0.0
          ],
          "CorngoldLimit": 17120.722152174996,
          "DiffLength": [
                    656.6974619800775,
                    16.437880733019163
          ],
          "Diffcoef": [
                    317.41337757126763,
                    9.437951204216471
          ],
          "Fiss": [
                    0.0,
                    0.0
          ],
          "Flx": [
                    1.2410714799999998,
                    0.07394398320000001
          ],
          "Invv": [
                    4.355811566266998e-08,
                    2.0645949999047386e-06
          ],
          "Kappa": [
                    0.0,
                    0.0
          ],
          "L": 8,
          "MeanFreePath": [
                    927.6069600648487,
                    28.290658056678552
          ],
          "NPF": 6,
          "Nsf": [
                    0.0,
                    0.0
          ],
          "Nubar": [
                    0.0,
                    0.0
          ],
          "Remxs": [
                    0.0007360283638047674,
                    0.034928993997108915
          ],
          "S0": [
                    [
                              0.00034201443131407297,
                              1.3518015759664945e-06
                    ],
                    [
                              1.4285993040149472e-06,
                              0.0004183633530298797
                    ]
          ],
          "S1": [
                    [
                              2.8259629151984737e-05,
                              4.293020292609825e-07
                    ],
                    [
                              -3.72110675482044e-07,
                              2.852831063109623e-05
                    ]
          ],
          "S2": [
                    [
                              8.570302063657128e-06,
                              6.257914214391414e-07
                    ],
                    [
                              -2.2345076714598244e-08,
                              1.3111900548288852e-07
                    ]
          ],
          "S3": [
                    [
                              2.9996709806319578e-06,
                              -2.6817899225775e-07
                    ],
                    [
                              -1.9634748030548577e-08,
                              -4.143585668469897e-06
                    ]
          ],
          "S4": [
                    [
                              8.712014747690786e-07,
                              -3.61853756539315e-08
                    ],
                    [
                              -5.661739754051396e-08,
                              -7.784722599473813e-06
                    ]
          ],
          "S5": [
                    [
                              -1.2160218720006901e-06,
                              -3.278323496495114e-07
                    ],
                    [
                              1.3686682916732567e-08,
                              -3.492898944117538e-06
                    ]
          ],
          "S6": [
                    [
                              7.299898892928877e-07,
                              -1.5741438629586834e-08
                    ],
                    [
                              4.522258795909161e-08,
                              4.369060468850523e-06
                    ]
          ],
          "S7": [
                    [
                              9.828533638477297e-07,
                              4.762643453673185e-08
                    ],
                    [
                              -4.046552191736774e-08,
                              9.904454379141299e-07
                    ]
          ],
          "Sp0": [
                    [
                              0.00034201443131407297,
                              1.3518015759664945e-06
                    ],
                    [
                              1.4285993040149472e-06,
                              0.0004183633530298797
                    ]
          ],
          "Sp1": [
                    [
                              2.8259629151984737e-05,
                              4.293020292609825e-07
                    ],
                    [
                              -3.72110675482044e-07,
                              2.852831063109623e-05
                    ]
          ],
          "Sp2": [
                    [
                              8.570302063657128e-06,
                              6.257914214391414e-07
                    ],
                    [
                              -2.2345076714598244e-08,
                              1.3111900548288852e-07
                    ]
          ],
          "Sp3": [
                    [
                              2.9996709806319578e-06,
                              -2.6817899225775e-07
                    ],
                    [
                              -1.9634748030548577e-08,
                              -4.143585668469897e-06
                    ]
          ],
          "Sp4": [
                    [
                              8.712014747690786e-07,
                              -3.61853756539315e-08
                    ],
                    [
                              -5.661739754051396e-08,
                              -7.784722599473813e-06
                    ]
          ],
          "Sp5": [
                    [
                              -1.2160218720006901e-06,
                              -3.278323496495114e-07
                    ],
                    [
                              1.3686682916732567e-08,
                              -3.492898944117538e-06
                    ]
          ],
          "Sp6": [
                    [
                              7.299898892928877e-07,
                              -1.5741438629586834e-08
                    ],
                    [
                              4.522258795909161e-08,
                              4.369060468850523e-06
                    ]
          ],
          "Sp7": [
                    [
                              9.828533638477297e-07,
                              4.762643453673185e-08
                    ],
                    [
                              -4.046552191736774e-08,
                              9.904454379141299e-07
                    ]
          ],
          "Tot": [
                    0.0010780427951188403,
                    0.035347357350138796
          ],
          "Transpxs": [
                    0.0010501552766423376,
                    0.03531839973747844
          ],
          "UniName": "B",