{
          "Abs": [
                    0.016477223759557666,
                    0.19006971370666692
          ],
          "Capt": [
                    0.01113346683996018,
                    0.04736791136196177
          ],
          "Chid": [
                    [
                              1.0,
                              0.0
                    ],
                    [
                              1.0,
                              0.0
                    ],
                    [
                              1.0,
                              0.0
                    ],
                    [
                              1.0,
                              0.0
                    ],
                    [
                              1.0,
                              0.0
                    ],
                    [
                              1.0,
                              0.0
                    ]
          ],
          "Chip": [
                    1.0,
                    0.0
          ],
          "Chit": [
                    1.0,
                    0.0
          ],
          "CorngoldLimit": 622122.8695180184,
          "DiffLength": [
                    5.675436595213727,
                    1.261523120787283
          ],
          "Diffcoef": [
                    0.9231701723772989,
                    0.3051817919010935
          ],
          "Fiss": [
                    0.005343756919597485,
                    0.14270180234470514
          ],
          "Flx": [
                    21.597981,
                    2.00380845
          ],
          "Invv": [
                    4.373160580851719e-08,
                    2.2720437875671196e-06
          ],
          "Kappa": [
                    203.50884430603745,
                    202.27000000000007
          ],
          "L": 8,
          "MeanFreePath": [
                    1.6706629302597826,
                    0.7074685469669942
          ],
          "NPF": 6,
          "Nsf": [
                    0.013510740138746624,
                    0.3468128797523164
          ],
          "Nubar": [
                    2.528322366086276,
                    2.4303328623318166
          ],
          "Remxs": [
                    0.028660463634009092,
                    0.19176448993161377
          ],
          "S0": [
                    [
                              0.5699043227675802,
                              0.0016947762249469507
                    ],
                    [
                              0.012183239874451518,
                              1.2217259108602299
                    ]
          ],
          "S1": [
                    [
                              0.2340199279093823,
                              0.0009755318742524016
                    ],
                    [
                              0.003470223167983943,
                              0.3202697147854487
                    ]
          ],
          "S2": [
                    [
                              0.0971215283282652,
                              0.0005334193227709165
                    ],
                    [
                              -0.0012172472440322255,
                              0.08353201811407758
                    ]
          ],
          "S3": [
                    [
                              0.01079169495205029,
                              0.000200976949421423
                    ],
                    [
                              -0.0013344761373114678,
                              0.02570915528197398
                    ]
          ],
          "S4": [
                    [
                              -0.0073652672151298315,
                              2.0082575649783292e-05
                    ],
                    [
                              -0.00029369293917139573,
                              -0.004360036726714333
                    ]
          ],
          "S5": [
                    [
                              0.0016211271691835478,
                              -5.9924379134337915e-05
                    ],
                    [
                              0.0001326887510026096,
                              0.004510857334502641
                    ]
          ],
          "S6": [
                    [
                              0.005786025363641001,
                              -8.40781571087945e-05
                    ],
                    [
                              -0.00012279679523446524,
                              -0.011250451392728464
                    ]
          ],
          "S7": [
                    [
                              0.0009941374774048266,
                              -8.107065824008277e-05
                    ],
                    [
                              -0.00019747469469158865,
                              -0.0007356427080992087
                    ]
          ],
          "Sp0": [
                    [
                              0.5699720685486277,
                              0.0016947762249469507
                    ],
                    [
                              0.012183238714433135,
                              1.2217258346685387
                    ]
          ],
          "Sp1": [
                    [
                              0.23402072684974173,
                              0.0009755318742524016
                    ],
                    [
                              0.0034702241818935498,
                              0.3202697017161015
                    ]
          ],
          "Sp2": [
                    [
                              0.09712188314907463,
                              0.0005334193227709165
                    ],
                    [
                              -0.0012172480012565335,
                              0.08353204291465174
                    ]
          ],
          "Sp3": [
                    [
                              0.010791860853447468,
                              0.000200976949421423
                    ],
                    [
                              -0.001334475705591888,
                              0.025709164332029494
                    ]
          ],
          "Sp4": [
                    [
                              -0.007365238244663605,
                              2.0082575649783292e-05
                    ],
                    [
                              -0.00029369303435001175,
                              -0.0043600459647359525
                    ]
          ],
          "Sp5": [
                    [
                              0.0016210872610212652,
                              -5.9924379134337915e-05
                    ],
                    [
                              0.00013268855599459615,
                              0.00451085571703414
                    ]
          ],
          "Sp6": [
                    [
                              0.00578603636353203,
                              -8.40781571087945e-05
                    ],
                    [
                              -0.00012279640213100484,
                              -0.011250444443512982
                    ]
          ],
          "Sp7": [
                    [
                              0.0009941328686498506,
                              -8.107065824008277e-05
                    ],
                    [
                              -0.00019747516828247838,
                              -0.0007356409505809286
                    ]
          ],
          "Tot": [
                    0.5985647864015893,
                    1.4134904007918436
          ],
          "Transpxs": [
                    0.361074635324223,
                    1.0922451541321425
          ],
          "UniName": "Fuel",