{
          "Abs": [
                    0.0008654699240778635,
                    0.3191152014042098
          ],
          "Capt": [
                    0.0008654699240778635,
                    0.3191152014042098
          ],
          "Chid": [
                    [
                              0.0,
                              0.0
                    ],
                    [
                              0.0,
                              0.0
                    ],
                    [
                              0.0,
                              0.0
                    ],
                    [
                              0.0,
                              0.0
                    ],
                    [
                              0.0,
                              0.0
                    ],
                    [
                              0.0,
                              0.0
                    ]
          ],
          "Chip": [
                    0.0,
                    0.0
          ],
          "Chit": [
                    0.0,
                    0.0
          ],
          "DiffLength": [
                    465.16415526841257,
                    1.7997608652442734
          ],
          "Diffcoef": [
                    187.295327261248,
                    1.0337053320821337
          ],
          "Fiss": [
                    0.0,
                    0.0
          ],
          "Flx": [
                    1.20343128,
                    0.043334660989999996
          ],
          "Invv": [
                    4.4511037071375366e-08,
                    1.53892897522702e-06
          ],
          "Kappa": [
                    0.0,
                    0.0
          ],
          "L": 8,
          "MeanFreePath": [
                    523.4817538640285,
                    3.101410620876083
          ],
          "NPF": 6,
          "Nsf": [
                    0.0,
                    0.0
          ],
          "Nubar": [
                    0.0,
                    0.0
          ],
          "Remxs": [
                    0.0008655944431963361,
                    0.31912964438116126
          ],
          "S0": [
                    [
                              0.0010446918134278907,
                              1.2451911847263934e-07
                    ],
                    [
                              1.4442976951508398e-05,
                              0.003304280771749019
                    ]
          ],
          "S1": [
                    [
                              0.0001305856500446803,
                              -1.9892631760410947e-08
                    ],
                    [
                              -3.2298894428018927e-06,
                              -2.740326839782323e-05
                    ]
          ],
          "S2": [
                    [
                              6.313731611555096e-05,
                              -1.5832524530690276e-08
                    ],
                    [
                              -1.419916596836864e-06,
                              -2.192151466128108e-05
                    ]
          ],
          "S3": [
                    [
                              3.0214411762863947e-05,
                              -1.1522087614009834e-08
                    ],
                    [
                              -1.1149531357508378e-06,
                              3.190483223387795e-05
                    ]
          ],
          "S4": [
                    [
                              1.2693410032453717e-05,
                              3.861267437289813e-09
                    ],
                    [
                              2.169435637830289e-06,
                              2.3823097319544298e-05
                    ]
          ],
          "S5": [
                    [
                              7.468943092436474e-06,
                              1.9095413535536484e-08
                    ],
                    [
                              -4.3966007576006195e-07,
                              -6.612281761935352e-06
                    ]
          ],
          "S6": [
                    [
                              3.1380160392248725e-06,
                              -2.3035127167045215e-08
                    ],
                    [
                              -5.409284139435009e-07,
                              5.2182070048314466e-06
                    ]
          ],
          "S7": [
                    [
                              2.5668237863532926e-06,
                              8.493904321981725e-09
                    ],
                    [
                              -3.283073296242718e-07,
                              -5.972946376247631e-06
                    ]
          ],
          "Sp0": [
                    [
                              0.001045953885735014,
                              1.2451911847263934e-07
                    ],
                    [
                              1.4442976951508398e-05,
                              0.003304280771749019
                    ]
          ],
          "Sp1": [
                    [
                              0.00013024799877721447,
                              -1.9892631760410947e-08
                    ],
                    [
                              -3.2298894428018927e-06,
                              -2.740326839782323e-05
                    ]
          ],
          "Sp2": [
                    [
                              6.320391069457987e-05,
                              -1.5832524530690276e-08
                    ],
                    [
                              -1.419916596836864e-06,
                              -2.192151466128108e-05
                    ]
          ],
          "Sp3": [
                    [
                              3.0056361897743443e-05,
                              -1.1522087614009834e-08
                    ],
                    [
                              -1.1149531357508378e-06,
                              3.190483223387795e-05
                    ]
          ],
          "Sp4": [
                    [
                              1.2561866779464232e-05,
                              3.861267437289813e-09
                    ],
                    [
                              2.169435637830289e-06,
                              2.3823097319544298e-05
                    ]
          ],
          "Sp5": [
                    [
                              7.675868202349355e-06,
                              1.9095413535536484e-08
                    ],
                    [
                              -4.3966007576006195e-07,
                              -6.612281761935352e-06
                    ]
          ],
          "Sp6": [
                    [
                              3.1501413086342736e-06,
                              -2.3035127167045215e-08
                    ],
                    [
                              -5.409284139435009e-07,
                              5.2182070048314466e-06
                    ]
          ],
          "Sp7": [
                    [
                              2.474976154914795e-06,
                              8.493904321981725e-09
                    ],
                    [
                              -3.283073296242718e-07,
                              -5.972946376247631e-06
                    ]
          ],
          "Tot": [
                    0.0019102862566242268,
                    0.3224339251529103
          ],
          "Transpxs": [
                    0.0017797204992113069,
                    0.32246455831075094
          ],
          "UniName": "Gd",
          "beta": [
                    0.000240423,
                    0.00127518,
                    0.00125492,
                    0.00292736,
                    0.00133668,
                    0.000555626
          ],