{
          "Abs": [
                    0.0005496706887790811,
                    0.013955390876360744
          ],
          "Capt": [
                    0.0005496706887790811,
                    0.013955390876360744
          ],
          "Chid": [
                    [
                              0.0,
                              0.0
                    ],
                    [
                              0.0,
                              0.0
                    ],
                    [
                              0.0,
                              0.0
                    ],
                    [
                              0.0,
                              0.0
                    ],
                    [
                              0.0,
                              0.0
                    ],
                    [
                              0.0,
                              0.0
                    ]
          ],
          "Chip": [
                    0.0,
                    0.0
          ],
          "Chit": [
                    0.0,
                    0.0
          ],
          "CorngoldLimit": 957221.7611783769,
          "DiffLength": [
                    3.826335591007292,
                    3.4334295387145675
          ],
          "Diffcoef": [
                    0.8477596663834578,
                    0.16754388483791974
          ],
          "Fiss": [
                    0.0,
                    0.0
          ],
          "Flx": [
                    6.6749257,
                    18.2701828
          ],
          "Invv": [
                    8.003288690566902e-08,
                    2.8509485322858346e-06
          ],
          "Kappa": [
                    0.0,
                    0.0
          ],
          "L": 8,
          "MeanFreePath": [
                    1.0528565052219372,
                    0.3664359375164263
          ],
          "NPF": 6,
          "Nsf": [
                    0.0,
                    0.0
          ],
          "Nubar": [
                    0.0,
                    0.0
          ],
          "Remxs": [
                    0.05790374265296616,
                    0.01421255972937363
          ],
          "S0": [
                    [
                              0.8918933047511383,
                              0.00025716885301291025
                    ],
                    [
                              0.057354071964187105,
                              2.7147774153741815
                    ]
          ],
          "S1": [
                    [
                              0.5390908596104595,
                              0.00018481116221812517
                    ],
                    [
                              0.017512991005534963,
                              0.7392766672385379
                    ]
          ],
          "S2": [
                    [
                              0.21852006262063364,
                              0.00010042420922920158
                    ],
                    [
                              -0.005360765905850475,
                              0.17162299736201003
                    ]
          ],
          "S3": [
                    [
                              0.014996090697508851,
                              3.6489649874776615e-05
                    ],
                    [
                              -0.00638477248214708,
                              0.0521810455256297
                    ]
          ],
          "S4": [
                    [
                              -0.02951661841208689,
                              1.977564733431676e-06
                    ],
                    [
                              -0.0016685611343722094,
                              -0.018028352367794476
                    ]
          ],
          "S5": [
                    [
                              -0.003372451628340029,
                              -1.2081741104780847e-05
                    ],
                    [
                              0.0005057591639777933,
                              0.014766220354367981
                    ]
          ],
          "S6": [
                    [
                              0.010950675486409515,
                              -1.586397162947543e-05
                    ],
                    [
                              -0.0005548573442617723,
                              -0.035229655951904304
                    ]
          ],
          "S7": [
                    [
                              0.0017799671922609968,
                              -1.4604060217698645e-05
                    ],
                    [
                              -0.0009078830009445331,
                              0.0020366221323942493
                    ]
          ],
          "Sp0": [
                    [
                              0.8918933047511383,
                              0.00025716885301291025
                    ],
                    [
                              0.057354071964187105,
                              2.7147774153741815
                    ]
          ],
          "Sp1": [
                    [
                              0.5390908596104595,
                              0.00018481116221812517
                    ],
                    [
                              0.017512991005534963,
                              0.7392766672385379
                    ]
          ],
          "Sp2": [
                    [
                              0.21852006262063364,
                              0.00010042420922920158
                    ],
                    [
                              -0.005360765905850475,
                              0.17162299736201003
                    ]
          ],
          "Sp3": [
                    [
                              0.014996090697508851,
                              3.6489649874776615e-05
                    ],
                    [
                              -0.00638477248214708,
                              0.0521810455256297
                    ]
          ],
          "Sp4": [
                    [
                              -0.02951661841208689,
                              1.977564733431676e-06
                    ],
                    [
                              -0.0016685611343722094,
                              -0.018028352367794476
                    ]
          ],
          "Sp5": [
                    [
                              -0.003372451628340029,
                              -1.2081741104780847e-05
                    ],
                    [
                              0.0005057591639777933,
                              0.014766220354367981
                    ]
          ],
          "Sp6": [
                    [
                              0.010950675486409515,
                              -1.586397162947543e-05
                    ],
                    [
                              -0.0005548573442617723,
                              -0.035229655951904304
                    ]
          ],
          "Sp7": [
                    [
                              0.0017799671922609968,
                              -1.4604060217698645e-05
                    ],
                    [
                              -0.0009078830009445331,
                              0.0020366221323942493
                    ]
          ],
          "Tot": [
                    0.9497970474041044,
                    2.728989975103555
          ],
          "Transpxs": [
                    0.39319319678810993,
                    1.9895284967027989
          ],
          "UniName": "H2O",
          "beta": [
                    0.000227867,
                    0.00123086,
                    0.00120972,
                    0.00283984,
                    0.00128748,
                    0.000539642
          ],
          "beta_tot": 0.00733541,