{
          "Abs": [
                    0.0010516984628815011,
                    0.028719698724817323
          ],
          "Capt": [
                    0.0003313446541673351,
                    0.004428556288727614
          ],
          "Chid": [
                    [
                              1.0,
                              0.0
                    ],
                    [
                              1.0,
                              0.0
                    ],
                    [
                              1.0,
                              0.0
                    ],
                    [
                              1.0,
                              0.0
                    ],
                    [
                              1.0,
                              0.0
                    ],
                    [
                              1.0,
                              0.0
                    ]
          ],
          "Chip": [
                    1.0,
                    0.0
          ],
          "Chit": [
                    1.0,
                    0.0
          ],
          "CorngoldLimit": 14539.15333802772,
          "DiffLength": [
                    419.3186213410345,
                    19.64583597415821
          ],
          "Diffcoef": [
                    184.99022535002686,
                    11.08512815813665
          ],
          "Fiss": [
                    0.0007203538087141661,
                    0.024291142436089708
          ],
          "Flx": [
                    1.278850572,
                    0.0756342927
          ],
          "Invv": [
                    4.28602245658836e-08,
                    2.0679657050299883e-06
          ],
          "Kappa": [
                    202.27000000000004,
                    202.26999999999998
          ],
          "L": 8,
          "MeanFreePath": [
                    514.1160804431221,
                    33.259640520769125
          ],
          "NPF": 6,
          "Nsf": [
                    0.0017561351104721616,
                    0.05904092371423846
          ],
          "Nubar": [
                    2.4378785663768037,
                    2.4305536007446276
          ],
          "Remxs": [
                    0.0010521083878142039,
                    0.028721008862596598
          ],
          "S0": [
                    [
                              0.0008929776307715003,
                              1.3101377792748238e-06
                    ],
                    [
                              4.099249327027708e-07,
                              0.0013454616206170036
                    ]
          ],
          "S1": [
                    [
                              0.00014331819918046696,
                              -7.29131083154824e-08
                    ],
                    [
                              -1.2918732915107146e-07,
                              -3.7750139042811483e-06
                    ]
          ],
          "S2": [
                    [
                              6.939213974805334e-05,
                              -4.938081731410177e-07
                    ],
                    [
                              1.2812845891740353e-08,
                              1.1451006946276236e-05
                    ]
          ],
          "S3": [
                    [
                              5.3476970993222365e-05,
                              9.743739836678609e-09
                    ],
                    [
                              -2.6094090561191853e-08,
                              5.661004931812498e-06
                    ]
          ],
          "S4": [
                    [
                              3.162122904652354e-05,
                              1.881248047818394e-07
                    ],
                    [
                              -1.3587411578840816e-08,
                              3.293418399563404e-06
                    ]
          ],
          "S5": [
                    [
                              1.6650178693267223e-05,
                              1.2373597650500672e-07
                    ],
                    [
                              5.381706789743688e-09,
                              -5.421415025749584e-06
                    ]
          ],
          "S6": [
                    [
                              8.464505878304875e-06,
                              -7.001392629404466e-08
                    ],
                    [
                              1.6544648012559203e-08,
                              -1.407728945457951e-05
                    ]
          ],
          "S7": [
                    [
                              3.1151327449271324e-06,
                              -2.1875738985392805e-07
                    ],
                    [
                              3.1137634451321964e-08,
                              -3.3619988134787837e-06
                    ]
          ],
          "Sp0": [
                    [
                              0.0008934470752538227,
                              1.3101377792748238e-06
                    ],
                    [
                              4.099249327027708e-07,
                              0.0013454616206170036
                    ]
          ],
          "Sp1": [
                    [
                              0.00014336824300640076,
                              -7.29131083154824e-08
                    ],
                    [
                              -1.2918732915107146e-07,
                              -3.7750139042811483e-06
                    ]
          ],
          "Sp2": [
                    [
                              6.951493620523818e-05,
                              -4.938081731410177e-07
                    ],
                    [
                              1.2812845891740353e-08,
                              1.1451006946276236e-05
                    ]
          ],
          "Sp3": [
                    [
                              5.347938914467345e-05,
                              9.743739836678609e-09
                    ],
                    [
                              -2.6094090561191853e-08,
                              5.661004931812498e-06
                    ]
          ],
          "Sp4": [
                    [
                              3.165157848532439e-05,
                              1.881248047818394e-07
                    ],
                    [
                              -1.3587411578840816e-08,
                              3.293418399563404e-06
                    ]
          ],
          "Sp5": [
                    [
                              1.663918981241629e-05,
                              1.2373597650500672e-07
                    ],
                    [
                              5.381706789743688e-09,
                              -5.421415025749584e-06
                    ]
          ],
          "Sp6": [
                    [
                              8.46259190772505e-06,
                              -7.001392629404466e-08
                    ],
                    [
                              1.6544648012559203e-08,
                              -1.407728945457951e-05
                    ]
          ],
          "Sp7": [
                    [
                              3.0997387239515375e-06,
                              -2.1875738985392805e-07
                    ],
                    [
                              3.1137634451321964e-08,
                              -3.3619988134787837e-06
                    ]
          ],
          "Tot": [
                    0.001945086018585704,
                    0.030066470483213602
          ],
          "Transpxs": [
                    0.0018018970067343882,
                    0.0300703184102262
          ],
          "UniName": "U235",