{
          "Abs": [
                    8.313887325410785e-06,
                    0.0010248240605380597,
                    0.03492764219553295
          ],
          "Capt": [
                    8.313887325410785e-06,
                    0.0010248240605380597,
                    0.03492764219553295
          ],
          "Chid": [
                    [
                              0.0,
                              0.0,
                              0.0
                    ],
                    [
                              0.0,
                              0.0,
                              0.0
                    ],
                    [
                              0.0,
                              0.0,
                              0.0
                    ],
                    [
                              0.0,
                              0.0,
                              0.0
                    ],
                    [
                              0.0,
                              0.0,
                              0.0
                    ],
                    [
                              0.0,
                              0.0,
                              0.0
                    ]
          ],
          "Chip": [
                    0.0,
                    0.0,
                    0.0
          ],
          "Chit": [
                    0.0,
                    0.0,
                    0.0
          ],
          "DiffLength": [
                    14414.479009640281,
                    480.68934006405266,
                    16.40645529861954
          ],
          "Diffcoef": [
                    1727.4362721511277,
                    239.028206098596,
                    9.412073306861958
          ],
          "Fiss": [
                    0.0,
                    0.0,
                    0.0
          ],
          "Flx": [
                    0.3543389,
                    0.8867325800000001,
                    0.07394398320000001
          ],
          "Invv": [
                    5.285314329812504e-10,
                    6.075276474549181e-08,
                    2.0645949999047386e-06
          ],
          "Kappa": [
                    0.0,
                    0.0,
                    0.0
          ],
          "L": 8,
          "MeanFreePath": [
                    4572.053839951694,
                    702.4716329390062,
                    28.23234245821602
          ],
          "NPF": 6,
          "Nsf": [
                    0.0,
                    0.0,
                    0.0
          ],
          "Nubar": [
                    0.0,
                    0.0,
                    0.0
          ],
          "Remxs": [
                    8.313887325410793e-06,
                    0.0010344754053732675,
                    0.034966791338287145
          ],
          "S0": [
                    [
                              0.00021040619669060893,
                              0.0,
                              0.0
                    ],
                    [
                              9.54098710415106e-06,
                              0.00038906962208384475,
                              1.1035773105686497e-07
                    ],
                    [
                              0.0,
                              3.914914275419233e-05,
                              0.00045357810077034536
                    ]
          ],
          "S1": [
                    [
                              2.5755898472872155e-05,
                              0.0,
                              0.0
                    ],
                    [
                              -1.629001112843288e-06,
                              3.060342105695777e-05,
                              3.5047153909017305e-08
                    ],
                    [
                              0.0,
                              -1.7533526557477907e-05,
                              2.239753278821492e-05
                    ]
          ],
          "S2": [
                    [
                              3.086218317449199e-05,
                              0.0,
                              0.0
                    ],
                    [
                              -3.248884149358761e-07,
                              1.2397837011868832e-06,
                              5.108806100887823e-08
                    ],
                    [
                              0.0,
                              6.941238641426068e-06,
                              -1.2269287008171937e-06
                    ]
          ],
          "S3": [
                    [
                              8.670470384543159e-06,
                              0.0,
                              0.0
                    ],
                    [
                              -6.973019521388961e-07,
                              1.0971790156590232e-06,
                              -2.189346841197602e-08
                    ],
                    [
                              0.0,
                              -5.134959701003907e-06,
                              -3.60996453662989e-06
                    ]
          ],
          "S4": [
                    [
                              3.483723957866326e-06,
                              0.0,
                              0.0
                    ],
                    [
                              -1.1929697610943751e-08,
                              5.039857478254173e-07,
                              -2.95408440528936e-09
                    ],
                    [
                              0.0,
                              2.154362656096649e-06,
                              -1.0449507106505575e-05
                    ]
          ],
          "S5": [
                    [
                              -1.516547348639396e-06,
                              0.0,
                              0.0
                    ],
                    [
                              3.5719865021686687e-07,
                              -1.5010501842309038e-06,
                              -2.6763420695447998e-08
                    ],
                    [
                              0.0,
                              -1.995620898990196e-06,
                              -4.183249081106466e-06
                    ]
          ],
          "S6": [
                    [
                              9.442122279434745e-07,
                              0.0,
                              0.0
                    ],
                    [
                              2.294610055550231e-07,
                              -9.879393949510572e-08,
                              -1.2850920442891587e-09
                    ],
                    [
                              0.0,
                              2.6152213126349403e-06,
                              5.167539568174027e-06
                    ]
          ],
          "S7": [
                    [
                              1.099021234400457e-06,
                              0.0,
                              0.0
                    ],
                    [
                              1.746512115179077e-07,
                              1.1389301104795773e-06,
                              3.888104102885223e-09
                    ],
                    [
                              0.0,
                              -1.6536219724525202e-06,
                              1.7943414972008027e-06
                    ]
          ],