{
          "Abs": [
                    6.489015777299706e-06,
                    0.0012000545808511706,
                    0.3191152014042098
          ],
          "Capt": [
                    6.489015777299706e-06,
                    0.0012000545808511706,
                    0.3191152014042098
          ],
          "Chid": [
                    [
                              0.0,
                              0.0,
                              0.0
                    ],
                    [
                              0.0,
                              0.0,
                              0.0
                    ],
                    [
                              0.0,
                              0.0,
                              0.0
                    ],
                    [
                              0.0,
                              0.0,
                              0.0
                    ],
                    [
                              0.0,
                              0.0,
                              0.0
                    ],
                    [
                              0.0,
                              0.0,
                              0.0
                    ]
          ],
          "Chip": [
                    0.0,
                    0.0,
                    0.0
          ],
          "Chit": [
                    0.0,
                    0.0,
                    0.0
          ],
          "DiffLength": [
                    12569.379323365749,
                    334.37474133578405,
                    1.7997608652442734
          ],
          "Diffcoef": [
                    1025.1950381174222,
                    142.06773157389557,
                    1.0337053320821337
          ],
          "Fiss": [
                    0.0,
                    0.0,
                    0.0
          ],
          "Flx": [
                    0.33735024999999996,
                    0.8660810299999999,
                    0.043334660989999996
          ],
          "Invv": [
                    5.287691406266929e-10,
                    6.164272402450612e-08,
                    1.53892897522702e-06
          ],
          "Kappa": [
                    0.0,
                    0.0,
                    0.0
          ],
          "L": 8,
          "MeanFreePath": [
                    1735.00312673089,
                    411.5454154478517,
                    3.101410620876083
          ],
          "NPF": 6,
          "Nsf": [
                    0.0,
                    0.0,
                    0.0
          ],
          "Nubar": [
                    0.0,
                    0.0,
                    0.0
          ],
          "Remxs": [
                    6.489015777299753e-06,
                    0.00127065754395396,
                    0.31912964438116126
          ],
          "S0": [
                    [
                              0.0005698788216018812,
                              0.0,
                              0.0
                    ],
                    [
                              7.042994210713495e-05,
                              0.0011592079398147768,
                              1.7302099565441353e-07
                    ],
                    [
                              0.0,
                              1.4442976951508398e-05,
                              0.003304280771749019
                    ]
          ],
          "S1": [
                    [
                              0.00025122645360362413,
                              0.0,
                              0.0
                    ],
                    [
                              -9.452598765451542e-07,
                              8.453968874090407e-05,
                              -2.7641080306308063e-08
                    ],
                    [
                              0.0,
                              -3.2298894428018927e-06,
                              -2.740326839782323e-05
                    ]
          ],
          "S2": [
                    [
                              0.00016902590548951958,
                              0.0,
                              0.0
                    ],
                    [
                              -8.815281477647303e-07,
                              2.2773809607083072e-05,
                              -2.199950651453479e-08
                    ],
                    [
                              0.0,
                              -1.419916596836864e-06,
                              -2.192151466128108e-05
                    ]
          ],
          "S3": [
                    [
                              9.892756722677989e-05,
                              0.0,
                              0.0
                    ],
                    [
                              -1.2931692984107193e-06,
                              4.742879640622484e-06,
                              -1.6010096244227865e-08
                    ],
                    [
                              0.0,
                              -1.1149531357508378e-06,
                              3.190483223387795e-05
                    ]
          ],
          "S4": [
                    [
                              4.488478542433095e-05,
                              0.0,
                              0.0
                    ],
                    [
                              5.207145789173462e-08,
                              1.0236339773166445e-07,
                              5.365283216606188e-09
                    ],
                    [
                              0.0,
                              2.169435637830289e-06,
                              2.3823097319544298e-05
                    ]
          ],
          "S5": [
                    [
                              2.5304543012805836e-05,
                              0.0,
                              0.0
                    ],
                    [
                              -2.3280447086730433e-07,
                              7.545406812449672e-07,
                              2.6533334823417157e-08
                    ],
                    [
                              0.0,
                              -4.3966007576006195e-07,
                              -6.612281761935352e-06
                    ]
          ],
          "S6": [
                    [
                              1.2777251261581102e-05,
                              0.0,
                              0.0
                    ],
                    [
                              5.997701490262015e-07,
                              -1.2163663220913033e-06,
                              -3.200762008561716e-08
                    ],
                    [
                              0.0,
                              -5.409284139435009e-07,
                              5.2182070048314466e-06
                    ]
          ],
          "S7": [
                    [
                              5.6325049160679154e-06,
                              0.0,
                              0.0
                    ],
                    [
                              -5.817091815006965e-08,
                              1.4308705293906601e-06,
                              1.1802394690944796e-08
                    ],
                    [
                              0.0,
                              -3.283073296242718e-07,
                              -5.972946376247631e-06
                    ]
          ],