{
          "Abs": [
                    0.0005634452181532076,
                    0.0005442549106976577,
                    0.013955390876360744
          ],
          "Capt": [
                    0.0005634452181532076,
                    0.0005442549106976577,
                    0.013955390876360744
          ],
          "Chid": [
                    [
                              0.0,
                              0.0,
                              0.0
                    ],
                    [
                              0.0,
                              0.0,
                              0.0
                    ],
                    [
                              0.0,
                              0.0,
                              0.0
                    ],
                    [
                              0.0,
                              0.0,
                              0.0
                    ],
                    [
                              0.0,
                              0.0,
                              0.0
                    ],
                    [
                              0.0,
                              0.0,
                              0.0
                    ]
          ],
          "Chip": [
                    0.0,
                    0.0,
                    0.0
          ],
          "Chit": [
                    0.0,
                    0.0,
                    0.0
          ],
          "DiffLength": [
                    87.70214933906395,
                    4.698668244810968,
                    0.45156234872593104
          ],
          "Diffcoef": [
                    4.333832990039591,
                    0.7377741770721872,
                    0.09190274234670312
          ],
          "Fiss": [
                    0.0,
                    0.0,
                    0.0
          ],
          "Flx": [
                    1.8837590999999998,
                    4.7911665999999995,
                    18.2701828
          ],
          "Invv": [
                    5.119732178990404e-10,
                    1.1129839222114924e-07,
                    2.850948532285834e-06
          ],
          "Kappa": [
                    0.0,
                    0.0,
                    0.0
          ],
          "L": 8,
          "MeanFreePath": [
                    5.621794107669348,
                    0.8580742897028193,
                    0.21916287164703196
          ],
          "NPF": 6,
          "Nsf": [
                    0.0,
                    0.0,
                    0.0
          ],
          "Nubar": [
                    0.0,
                    0.0,
                    0.0
          ],
          "Remxs": [
                    0.0005634452181532135,
                    0.033417494552672844,
                    0.4507056726617371
          ],
          "S0": [
                    [
                              0.17731571236888521,
                              0.0,
                              0.0
                    ],
                    [
                              0.03204563659765973,
                              1.1319827650755867,
                              0.0008276030443152615
                    ],
                    [
                              1.643123140399011e-09,
                              0.4367502801422531,
                              4.1121109781920095
                    ]
          ],
          "S1": [
                    [
                              0.10096494928703464,
                              0.0,
                              0.0
                    ],
                    [
                              0.014935580510576729,
                              0.6980548653541484,
                              0.000600379803475233
                    ],
                    [
                              1.1787917646122292e-09,
                              0.06651836480532913,
                              0.8692755778013946
                    ]
          ],
          "S2": [
                    [
                              0.06589741667084714,
                              0.0,
                              0.0
                    ],
                    [
                              0.001664282245576934,
                              0.29216428830793983,
                              0.0003352647840093894
                    ],
                    [
                              5.007553835969282e-10,
                              -0.046611866104330206,
                              0.1035190448831954
                    ]
          ],
          "S3": [
                    [
                              0.026736934695280306,
                              0.0,
                              0.0
                    ],
                    [
                              -0.006563577032755988,
                              0.02995105811492966,
                              0.0001298349669302437
                    ],
                    [
                              -5.7223834213634664e-11,
                              -0.022786530273735166,
                              0.0021606574527719123
                    ]
          ],
          "S4": [
                    [
                              0.003952613678861591,
                              0.0,
                              0.0
                    ],
                    [
                              -0.004986087753950735,
                              -0.03689419183669716,
                              1.4673148461982101e-05
                    ],
                    [
                              -2.8677686422491616e-10,
                              -0.006594559439284305,
                              -0.05444416171758244
                    ]
          ],
          "S5": [
                    [
                              -0.0037124404971203596,
                              0.0,
                              0.0
                    ],
                    [
                              -0.0008036223388680327,
                              -0.009478993774551935,
                              -3.5271416064066746e-05
                    ],
                    [
                              -2.052159490161204e-10,
                              0.002711507490801475,
                              0.009308387246091366
                    ]
          ],
          "S6": [
                    [
                              -0.0024816536324124465,
                              0.0,
                              0.0
                    ],
                    [
                              0.0011603448937918097,
                              0.009511127926867258,
                              -5.129956656655606e-05
                    ],
                    [
                              7.067240717482041e-12,
                              -0.007136938290932166,
                              -0.06013841560388803
                    ]
          ],
          "S7": [
                    [
                              3.0180981990743826e-05,
                              0.0,
                              0.0
                    ],
                    [
                              0.000524329808506952,
                              0.0009704912246214438,
                              -4.9443599777980185e-05
                    ],
                    [
                              1.5960003048245364e-10,
                              -0.00043153528880580044,
                              -0.0005747847347097656
                    ]
          ],