{
          "Abs": [
                    0.0001279833773815368,
                    0.0014373808319511816,
                    0.028719698724817323
          ],
          "Capt": [
                    6.00247703567731e-06,
                    0.00046718604466114677,
                    0.004428556288727614
          ],
          "Chid": [
                    [
                              0.16267066067615643,
                              0.8373293393238436,
                              0.0
                    ],
                    [
                              0.16267066067615643,
                              0.8373293393238436,
                              0.0
                    ],
                    [
                              0.16267066067615643,
                              0.8373293393238436,
                              0.0
                    ],
                    [
                              0.16267066067615643,
                              0.8373293393238436,
                              0.0
                    ],
                    [
                              0.16267066067615643,
                              0.8373293393238436,
                              0.0
                    ],
                    [
                              0.16267066067615643,
                              0.8373293393238436,
                              0.0
                    ]
          ],
          "Chip": [
                    0.7563216705648118,
                    0.24367832943518813,
                    0.0
          ],
          "Chit": [
                    0.7523880153934233,
                    0.24761198460657668,
                    0.0
          ],
          "DiffLength": [
                    2564.415382630892,
                    305.8698747974491,
                    19.634963513232012
          ],
          "Diffcoef": [
                    841.647646498306,
                    138.86646331660344,
                    11.075002745700166
          ],
          "Fiss": [
                    0.00012198090034585948,
                    0.0009701947872900348,
                    0.024291142436089708
          ],
          "Flx": [
                    0.37668479999999993,
                    0.902165772,
                    0.0756342927
          ],
          "Invv": [
                    5.287389735760509e-10,
                    6.053505515571144e-08,
                    2.0679657050299883e-06
          ],
          "Kappa": [
                    202.27000000000004,
                    202.27000000000004,
                    202.26999999999995
          ],
          "L": 8,
          "MeanFreePath": [
                    1520.1715543675818,
                    400.7391188403655,
                    33.23538549044176
          ],
          "NPF": 6,
          "Nsf": [
                    0.000329732766874665,
                    0.0023517064546680418,
                    0.05904092371423846
          ],
          "Nubar": [
                    2.703150787867237,
                    2.4239528860352566,
                    2.4305536007446276
          ],
          "Remxs": [
                    0.00012798337738153685,
                    0.001484307781666364,
                    0.02872656152033481
          ],
          "S0": [
                    [
                              0.0005298371147378658,
                              0.0,
                              0.0
                    ],
                    [
                              4.6816018517651104e-05,
                              0.0010110812457231734,
                              1.1093119753162172e-07
                    ],
                    [
                              0.0,
                              6.862795517488855e-06,
                              0.0013618513337177581
                    ]
          ],
          "S1": [
                    [
                              0.0002617719381667193,
                              0.0,
                              0.0
                    ],
                    [
                              4.256000705663216e-07,
                              9.458202450500871e-05,
                              -6.173654824049343e-09
                    ],
                    [
                              0.0,
                              -2.1628014123678057e-06,
                              -7.234790925148691e-06
                    ]
          ],
          "S2": [
                    [
                              0.0001844808035576748,
                              0.0,
                              0.0
                    ],
                    [
                              -1.2992217899617602e-07,
                              2.218816872739178e-05,
                              -4.1811428434462926e-08
                    ],
                    [
                              0.0,
                              2.1450742401138365e-07,
                              1.1814624826123882e-05
                    ]
          ],
          "S3": [
                    [
                              0.00015002344005100128,
                              0.0,
                              0.0
                    ],
                    [
                              3.487275281882896e-07,
                              1.2978688064874411e-05,
                              8.250160751166251e-10
                    ],
                    [
                              0.0,
                              -4.368565887309475e-07,
                              4.066090738560446e-06
                    ]
          ],
          "S4": [
                    [
                              0.00010884330084853704,
                              0.0,
                              0.0
                    ],
                    [
                              -2.857403078285531e-08,
                              1.0710987784749892e-06,
                              1.5928790246322934e-08
                    ],
                    [
                              0.0,
                              -2.2747488585954614e-07,
                              2.4576379197445953e-06
                    ]
          ],
          "S5": [
                    [
                              5.462335605681303e-05,
                              0.0,
                              0.0
                    ],
                    [
                              5.861352188620385e-07,
                              -3.043595148894657e-08,
                              1.0476898131311503e-08
                    ],
                    [
                              0.0,
                              9.009833334502776e-08,
                              -6.42068399196321e-06
                    ]
          ],
          "S6": [
                    [
                              2.7859280540674067e-05,
                              0.0,
                              0.0
                    ],
                    [
                              -3.6386487700140776e-07,
                              3.450444557436541e-07,
                              -5.9281770288221485e-09
                    ],
                    [
                              0.0,
                              2.7698372838753346e-07,
                              -1.2499208332578351e-05
                    ]
          ],